The Last of Us, (2023), 9.2 based on 164_602 user ratings, https://www.imdb.com/title/tt3581920/, https://m.media-amazon.com/images/M/MV5BZGUzYTI3M2EtZmM0Yy00NGUyLWI4ODEtN2Q3ZGJlYzhhZjU3XkEyXkFqcGdeQXVyNTM0OTY1OQ@@._V1_UY67_CR0,0,45,67_AL_.jpg
That '90s Show, (2023), 6.5 based on 18_562 user ratings, https://www.imdb.com/title/tt15591076/, https://m.media-amazon.com/images/M/MV5BN2MyODVjN2QtZjU3Mi00ZjQwLTg1N2EtNjUyNGJmNjkwNzVjXkEyXkFqcGdeQXVyNjUxMjc1OTM@._V1_UY67_CR4,0,45,67_AL_.jpg
The White Lotus, (2021), 7.9 based on 141_141 user ratings, https://www.imdb.com/title/tt13406094/, https://m.media-amazon.com/images/M/MV5BYjdjNzBmYjEtM2Y5My00YjI0LWJjY2YtOGQ4MjNkNmE2MDVjXkEyXkFqcGdeQXVyMTEyMjM2NDc2._V1_UY67_CR0,0,45,67_AL_.jpg
Velma, (2023), 1.4 based on 63_237 user ratings, https://www.imdb.com/title/tt14153790/, https://m.media-amazon.com/images/M/MV5BNzM0MDEzNDctOWI5YS00OTc4LWIyZDAtMGVkZDAzNzBiYjFkXkEyXkFqcGdeQXVyMDM2NDM2MQ@@._V1_UY67_CR0,0,45,67_AL_.jpg
Yellowstone, (2018), 8.7 based on 158_954 user ratings, https://www.imdb.com/title/tt4236770/, https://m.media-amazon.com/images/M/MV5BOGFiZjU5NGEtNTAwNS00ZjI2LTg0YTktNjg0ODFlM2E0NGVhXkEyXkFqcGdeQXVyMzQ2MDI5NjU@._V1_UX45_CR0,0,45,67_AL_.jpg
Wednesday, (2022), 8.2 based on 262_492 user ratings, https://www.imdb.com/title/tt13443470/, https://m.media-amazon.com/images/M/MV5BM2ZmMjEyZmYtOGM4YS00YTNhLWE3ZDMtNzQxM2RhNjBlODIyXkEyXkFqcGdeQXVyMTUzMTg2ODkz._V1_UY67_CR0,0,45,67_AL_.jpg
Ginny & Georgia, (2021), 7.5 based on 62_697 user ratings, https://www.imdb.com/title/tt10813940/, https://m.media-amazon.com/images/M/MV5BMTQ2ZWFlNmEtNWYyYy00Yjk1LWIxMTEtMWVkM2NlMTEzOGI2XkEyXkFqcGdeQXVyMTEyMjM2NDc2._V1_UY67_CR0,0,45,67_AL_.jpg
Poker Face, (2023), 8.2 based on 6_241 user ratings, https://www.imdb.com/title/tt14269590/, https://m.media-amazon.com/images/M/MV5BNDMyNjAxYTQtMjAyNi00NGQ5LWE0YzUtMTEzNWQ5NjYyNmFjXkEyXkFqcGdeQXVyMDA4NzMyOA@@._V1_UY67_CR0,0,45,67_AL_.jpg
The Walking Dead, (2010), 8.1 based on 1_005_521 user ratings, https://www.imdb.com/title/tt1520211/, https://m.media-amazon.com/images/M/MV5BZmU5NTcwNjktODIwMi00ZmZkLTk4ZWUtYzVjZWQ5ZTZjN2RlXkEyXkFqcGdeQXVyMTkxNjUyNQ@@._V1_UX45_CR0,0,45,67_AL_.jpg
That '70s Show, (1998), 8.1 based on 178_371 user ratings, https://www.imdb.com/title/tt0165598/, https://m.media-amazon.com/images/M/MV5BN2RkZGE0MjAtZGVkOS00MzVhLTg0OWItZTc4OGRjOTQ1ZTM4XkEyXkFqcGdeQXVyNTA4NzY1MzY@._V1_UX45_CR0,0,45,67_AL_.jpg
Shrinking, (2023), 7.7 based on 3_938 user ratings, https://www.imdb.com/title/tt15677150/, https://m.media-amazon.com/images/M/MV5BYzhjMDIwOTgtYmMwNC00ZDIyLWJiMzUtMDM0YTY3M2VmOWNiXkEyXkFqcGdeQXVyMjkwOTAyMDU@._V1_UX45_CR0,0,45,67_AL_.jpg
Game of Thrones, (2011), 9.2 based on 2_120_477 user ratings, https://www.imdb.com/title/tt0944947/, https://m.media-amazon.com/images/M/MV5BYTRiNDQwYzAtMzVlZS00NTI5LWJjYjUtMzkwNTUzMWMxZTllXkEyXkFqcGdeQXVyNDIzMzcwNjc@._V1_UY67_CR2,0,45,67_AL_.jpg
Accused, (2023), 7.3 based on 1_115 user ratings, https://www.imdb.com/title/tt7949212/, https://m.media-amazon.com/images/M/MV5BMDM3MGJlMjAtMWRkOS00OTdmLWE0MDYtNTc4ZmMzZmJkNGEzXkEyXkFqcGdeQXVyMTEwMTQ4MzU5._V1_UY67_CR0,0,45,67_AL_.jpg
Hunters, (2020), 7.2 based on 46_035 user ratings, https://www.imdb.com/title/tt7456722/, https://m.media-amazon.com/images/M/MV5BMGRhY2EyMTYtNDNkMi00MzYxLWIwNDgtYjlkNDI2YWQyZTQ2XkEyXkFqcGdeQXVyMjkwOTAyMDU@._V1_UY67_CR0,0,45,67_AL_.jpg
Tulsa King, (2022), 8.2 based on 35_325 user ratings, https://www.imdb.com/title/tt16358384/, https://m.media-amazon.com/images/M/MV5BYmI3N2EzOWQtZjFiMi00MjgwLTgzN2UtZGI0ZGY1ZDQyOTRiXkEyXkFqcGdeQXVyMTUzMTg2ODkz._V1_UY67_CR0,0,45,67_AL_.jpg
1923, (2022), 8.6 based on 13_195 user ratings, https://www.imdb.com/title/tt18335752/, https://m.media-amazon.com/images/M/MV5BZWZhNGJjMGUtYmVhZi00NDFiLWE2NWMtYjE1OGZmNGMxNDk4XkEyXkFqcGdeQXVyMjkwOTAyMDU@._V1_UY67_CR0,0,45,67_AL_.jpg
Fauda, (2015), 8.3 based on 30_202 user ratings, https://www.imdb.com/title/tt4565380/, https://m.media-amazon.com/images/M/MV5BZTk5OTU5Y2EtY2M1NC00N2E5LWJlMTMtODgzMDc2NDk1MTczXkEyXkFqcGdeQXVyMjMyMzI4MzY@._V1_UY67_CR1,0,45,67_AL_.jpg
Breaking Bad, (2008), 9.5 based on 1_915_309 user ratings, https://www.imdb.com/title/tt0903747/, https://m.media-amazon.com/images/M/MV5BYTU3NWI5OGMtZmZhNy00MjVmLTk1YzAtZjA3ZDA3NzcyNDUxXkEyXkFqcGdeQXVyODY5Njk4Njc@._V1_UY67_CR0,0,45,67_AL_.jpg
Vikings: Valhalla, (2022), 7.3 based on 47_161 user ratings, https://www.imdb.com/title/tt11311302/, https://m.media-amazon.com/images/M/MV5BMmZlYTQ3NjQtZmIxNC00MzA4LTg1NDgtMmEzODk0MzA4NjQxXkEyXkFqcGdeQXVyMTEyMjM2NDc2._V1_UY67_CR0,0,45,67_AL_.jpg
Happy Valley, (2014), 8.5 based on 46_063 user ratings, https://www.imdb.com/title/tt3428912/, https://m.media-amazon.com/images/M/MV5BNTBmYTQ5ZDYtM2NjMC00M2Q2LTg4NDAtODUxZTk0ZmFjMGVjXkEyXkFqcGdeQXVyNzQ5MzY0NjM@._V1_UY67_CR2,0,45,67_AL_.jpg
Criminal Minds, (2005), 8.1 based on 202_537 user ratings, https://www.imdb.com/title/tt0452046/, https://m.media-amazon.com/images/M/MV5BZWVjZWUyMzUtMGRiMS00MzhkLWI5NTQtYjBmZWVlZThjZjFkXkEyXkFqcGdeQXVyMDA4NzMyOA@@._V1_UX45_CR0,0,45,67_AL_.jpg
Kaleidoscope, (2023), 6.7 based on 31_257 user ratings, https://www.imdb.com/title/tt15438246/, https://m.media-amazon.com/images/M/MV5BZGYzMTg2MzktOTc3Yi00ZThlLTkxN2MtY2YxNGE1MWNiYmMxXkEyXkFqcGdeQXVyNTE1NjY5Mg@@._V1_UY67_CR0,0,45,67_AL_.jpg
Mayor of Kingstown, (2021), 8.2 based on 29_615 user ratings, https://www.imdb.com/title/tt11712058/, https://m.media-amazon.com/images/M/MV5BZGI2MDUxMGEtMWU4OS00ZjY2LTk5ZWUtNGVmMjRkNGI3NzBjXkEyXkFqcGdeQXVyMjkwOTAyMDU@._V1_UY67_CR0,0,45,67_AL_.jpg
Your Honor, (2020), 7.6 based on 50_897 user ratings, https://www.imdb.com/title/tt7440726/, https://m.media-amazon.com/images/M/MV5BNTIxMmJlNzAtZTQ3NC00MjIyLTk4YTUtNmNlNzNjMzYzZWFiXkEyXkFqcGdeQXVyMTUyMTU1MDg1._V1_UX45_CR0,0,45,67_AL_.jpg
The Legend of Vox Machina, (2022), 8.4 based on 28_797 user ratings, https://www.imdb.com/title/tt11247158/, https://m.media-amazon.com/images/M/MV5BYzJjZDkxMDgtZDBkNC00ZGJlLTk0NzgtZDhjZGIxZDAzZDY2XkEyXkFqcGdeQXVyMjkwOTAyMDU@._V1_UY67_CR0,0,45,67_AL_.jpg
Women at War, (2022), 7.5 based on 1_960 user ratings, https://www.imdb.com/title/tt14579330/, https://m.media-amazon.com/images/M/MV5BYzU3YmRhZTMtNDYyYS00YzQxLTgyZjAtN2E0NmI0Njc5NGIzXkEyXkFqcGdeQXVyMTM5NDQ2NjMw._V1_UX45_CR0,0,45,67_AL_.jpg
1883, (2021), 8.8 based on 80_628 user ratings, https://www.imdb.com/title/tt13991232/, https://m.media-amazon.com/images/M/MV5BNDZkZDdkMjYtMGI3Yi00MmVkLTkzZjQtMGI0NGViNzIzNjhjXkEyXkFqcGdeQXVyMDA4NzMyOA@@._V1_UY67_CR0,0,45,67_AL_.jpg
Cobra Kai, (2018), 8.5 based on 189_517 user ratings, https://www.imdb.com/title/tt7221388/, https://m.media-amazon.com/images/M/MV5BYWU4ZmI0NTItZjcyNy00MzQ5LThiNDQtZDZkNjg1NWUwN2RhXkEyXkFqcGdeQXVyMTUzMTg2ODkz._V1_UY67_CR0,0,45,67_AL_.jpg
Jack Ryan, (2018), 8.0 based on 142_702 user ratings, https://www.imdb.com/title/tt5057054/, https://m.media-amazon.com/images/M/MV5BNDNmNGI2NzAtZjZhYi00YTc1LWJjOTctMTRlMDI0MzEzNjA2XkEyXkFqcGdeQXVyMjkwOTAyMDU@._V1_UY67_CR0,0,45,67_AL_.jpg
Better Call Saul, (2015), 8.9 based on 545_105 user ratings, https://www.imdb.com/title/tt3032476/, https://m.media-amazon.com/images/M/MV5BMTMxOGM0NzItM2E0OS00YWYzLWEzNzUtODUzZTBjM2I4MTZkXkEyXkFqcGdeQXVyMTM1MTE1NDMx._V1_UY67_CR0,0,45,67_AL_.jpg
Rick and Morty, (2013), 9.1 based on 535_543 user ratings, https://www.imdb.com/title/tt2861424/, https://m.media-amazon.com/images/M/MV5BZjRjOTFkOTktZWUzMi00YzMyLThkMmYtMjEwNmQyNzliYTNmXkEyXkFqcGdeQXVyNzQ1ODk3MTQ@._V1_UX45_CR0,0,45,67_AL_.jpg
Wolf Pack, (2023), 6.0 based on 1_940 user ratings, https://www.imdb.com/title/tt15487922/, https://m.media-amazon.com/images/M/MV5BNGMxMzFhZjctZjcxOC00ZmY3LTg0MmYtODg4YWU3ZDhmMmUxXkEyXkFqcGdeQXVyMTUwNjg3NTUw._V1_UX45_CR0,0,45,67_AL_.jpg
The Mandalorian, (2019), 8.7 based on 494_420 user ratings, https://www.imdb.com/title/tt8111088/, https://m.media-amazon.com/images/M/MV5BZjRlZDIyNDMtZjIwYi00YmJiLTg4NjMtODA2Mjc0YTBlNzIwXkEyXkFqcGdeQXVyMDM2NDM2MQ@@._V1_UY67_CR0,0,45,67_AL_.jpg
House of the Dragon, (2022), 8.5 based on 305_090 user ratings, https://www.imdb.com/title/tt11198330/, https://m.media-amazon.com/images/M/MV5BZjBiOGIyY2YtOTA3OC00YzY1LThkYjktMGRkYTNhNTExY2I2XkEyXkFqcGdeQXVyMTEyMjM2NDc2._V1_UY67_CR0,0,45,67_AL_.jpg
The Boys, (2019), 8.7 based on 522_584 user ratings, https://www.imdb.com/title/tt1190634/, https://m.media-amazon.com/images/M/MV5BOTEyNDJhMDAtY2U5ZS00OTMzLTkwODktMjU3MjFkZWVlMGYyXkEyXkFqcGdeQXVyMjkwOTAyMDU@._V1_UY67_CR4,0,45,67_AL_.jpg
Mayfair Witches, (2023), 6.5 based on 4_011 user ratings, https://www.imdb.com/title/tt15428778/, https://m.media-amazon.com/images/M/MV5BNzIyZjYzYjgtYzQwNC00MGY4LWJhMTAtMDIzMTZiMGE0YjkxXkEyXkFqcGdeQXVyMTUzMTg2ODkz._V1_UY67_CR0,0,45,67_AL_.jpg
The Office, (2005), 9.0 based on 614_677 user ratings, https://www.imdb.com/title/tt0386676/, https://m.media-amazon.com/images/M/MV5BMDNkOTE4NDQtMTNmYi00MWE0LWE4ZTktYTc0NzhhNWIzNzJiXkEyXkFqcGdeQXVyMzQ2MDI5NjU@._V1_UX45_CR0,0,45,67_AL_.jpg
Stranger Things, (2016), 8.7 based on 1_209_018 user ratings, https://www.imdb.com/title/tt4574334/, https://m.media-amazon.com/images/M/MV5BMDZkYmVhNjMtNWU4MC00MDQxLWE3MjYtZGMzZWI1ZjhlOWJmXkEyXkFqcGdeQXVyMTkxNjUyNQ@@._V1_UY67_CR4,0,45,67_AL_.jpg
Shahmaran, (2023), 5.1 based on 4_170 user ratings, https://www.imdb.com/title/tt16913068/, https://m.media-amazon.com/images/M/MV5BMGY2MTM3MDMtNTQzYi00OGFjLTg2ZmItZjRhNzEyMDRkYzNiXkEyXkFqcGdeQXVyODc5Mjc4Nzg@._V1_UX45_CR0,0,45,67_AL_.jpg
Night Court, (1984), 7.7 based on 15_793 user ratings, https://www.imdb.com/title/tt0086770/, https://m.media-amazon.com/images/M/MV5BY2U3ZjJlMjgtZGYzNy00YzFlLTg4ODAtYWQxMTU1ZTc4YmYxXkEyXkFqcGdeQXVyMjk3NTUyOTc@._V1_UX45_CR0,0,45,67_AL_.jpg
Daisy Jones & The Six, (2023), None, https://www.imdb.com/title/tt8749198/, https://m.media-amazon.com/images/M/MV5BNzJhNmViYTMtOTBiMS00NTY1LTlkMWMtMWQ4MzVhZTViMzVhXkEyXkFqcGdeQXVyMjkwOTAyMDU@._V1_UX45_CR0,0,45,67_AL_.jpg
Succession, (2018), 8.8 based on 156_185 user ratings, https://www.imdb.com/title/tt7660850/, https://m.media-amazon.com/images/M/MV5BZDE0ODVlYjktNjJiMC00ODk4LWIwNTktMWRhZmZiOGFhYmUwXkEyXkFqcGdeQXVyMTkxNjUyNQ@@._V1_UY67_CR4,0,45,67_AL_.jpg
Andor, (2022), 8.4 based on 117_617 user ratings, https://www.imdb.com/title/tt9253284/, https://m.media-amazon.com/images/M/MV5BNDgxNTIyZTMtMzYxNi00NmRjLWFiMTEtM2U4MTFmODkzNzM1XkEyXkFqcGdeQXVyMTM1MTE1NDMx._V1_UY67_CR0,0,45,67_AL_.jpg
The Sopranos, (1999), 9.2 based on 408_142 user ratings, https://www.imdb.com/title/tt0141842/, https://m.media-amazon.com/images/M/MV5BZGJjYzhjYTYtMDBjYy00OWU1LTg5OTYtNmYwOTZmZjE3ZDdhXkEyXkFqcGdeQXVyNTAyODkwOQ@@._V1_UY67_CR1,0,45,67_AL_.jpg
Severance, (2022), 8.7 based on 134_453 user ratings, https://www.imdb.com/title/tt11280740/, https://m.media-amazon.com/images/M/MV5BMjkwZjcwMGQtNDAzOC00YjJiLThiYTgtNWU3ZjRiZmY2YzEzXkEyXkFqcGdeQXVyMTMzNDExODE5._V1_UX45_CR0,0,45,67_AL_.jpg
Grey's Anatomy, (2005), 7.6 based on 313_892 user ratings, https://www.imdb.com/title/tt0413573/, https://m.media-amazon.com/images/M/MV5BODA2Mjk0N2MtNGY0Mi00ZWFjLTkxODEtZDFjNDg4ZDliMGVmXkEyXkFqcGdeQXVyMzAzNTY3MDM@._V1_UY67_CR0,0,45,67_AL_.jpg
New Amsterdam, (2018), 8.0 based on 41_345 user ratings, https://www.imdb.com/title/tt7817340/, https://m.media-amazon.com/images/M/MV5BNDEyZGJkZmUtYjk1My00MzNjLThmNDQtZThlYmIyZmFmMDIyXkEyXkFqcGdeQXVyMTUwMzM5ODkz._V1_UY67_CR0,0,45,67_AL_.jpg
Willow, (2022), 5.6 based on 27_387 user ratings, https://www.imdb.com/title/tt10278918/, https://m.media-amazon.com/images/M/MV5BNDRmNDliZTktZjA0Ny00ZjgxLTlmZTgtMWUxMzBiMDk1OTU2XkEyXkFqcGdeQXVyMTU5OTc2NTk@._V1_UY67_CR0,0,45,67_AL_.jpg
Vikings, (2013), 8.5 based on 540_360 user ratings, https://www.imdb.com/title/tt2306299/, https://m.media-amazon.com/images/M/MV5BODk4ZjU0NDUtYjdlOS00OTljLTgwZTUtYjkyZjk1NzExZGIzXkEyXkFqcGdeQXVyMDM2NDM2MQ@@._V1_UX45_CR0,0,45,67_AL_.jpg
Night Court, (2023), 5.8 based on 1_984 user ratings, https://www.imdb.com/title/tt13798316/, https://m.media-amazon.com/images/M/MV5BNjAzODI1MDAtMjQ2Ny00ZWJkLWIzMmItMTg3Mzg5Y2M4OTBkXkEyXkFqcGdeQXVyMTUwMzM5ODkz._V1_UY67_CR0,0,45,67_AL_.jpg
National Treasure: Edge of History, (2022), 5.3 based on 7_638 user ratings, https://www.imdb.com/title/tt12580982/, https://m.media-amazon.com/images/M/MV5BOWZlZDVmMWItZDcxNi00MGJmLTk0MzktOGZkNTNkMzU3OWQzXkEyXkFqcGdeQXVyMTM1MTE1NDMx._V1_UY67_CR4,0,45,67_AL_.jpg
Extraordinary, (2023), 8.0 based on 3_532 user ratings, https://www.imdb.com/title/tt14531842/, https://m.media-amazon.com/images/M/MV5BMmEwYmZkOTMtNTYwNi00MmM2LWIxNmYtZjI4NjM5MGQzNDMxXkEyXkFqcGdeQXVyMTM1MTE1NDMx._V1_UX45_CR0,0,45,67_AL_.jpg
Supernatural, (2005), 8.4 based on 450_683 user ratings, https://www.imdb.com/title/tt0460681/, https://m.media-amazon.com/images/M/MV5BNzRmZWJhNjUtY2ZkYy00N2MyLWJmNTktOTAwY2VkODVmOGY3XkEyXkFqcGdeQXVyMTkxNjUyNQ@@._V1_UX45_CR0,0,45,67_AL_.jpg
NCIS, (2003), 7.8 based on 150_355 user ratings, https://www.imdb.com/title/tt0364845/, https://m.media-amazon.com/images/M/MV5BYjVlMjZhYzYtOGQxNC00OTQxLTk2NzEtMWFmMmNhODA4YjYzXkEyXkFqcGdeQXVyNjQ3MDgwNjY@._V1_UX45_CR0,0,45,67_AL_.jpg
Law & Order: Special Victims Unit, (1999), 8.1 based on 110_038 user ratings, https://www.imdb.com/title/tt0203259/, https://m.media-amazon.com/images/M/MV5BYmNkN2RlMzktMDgzNi00OWRmLWI3N2ItYzU5ZGUyMzc3MjJhXkEyXkFqcGdeQXVyODUxOTU0OTg@._V1_UY67_CR0,0,45,67_AL_.jpg
The Crown, (2016), 8.6 based on 225_157 user ratings, https://www.imdb.com/title/tt4786824/, https://m.media-amazon.com/images/M/MV5BZTEyNjBjYmYtYWYxYi00MmQyLThlYmItY2I4NzM1Mjg1MWYxXkEyXkFqcGdeQXVyMTU3ODI3MTk2._V1_UY67_CR0,0,45,67_AL_.jpg
The Rookie, (2018), 8.0 based on 42_871 user ratings, https://www.imdb.com/title/tt7587890/, https://m.media-amazon.com/images/M/MV5BOTY5OWFmMzAtZTIxYi00NGM4LTk3YWMtY2MyYzMwOWVhZWM0XkEyXkFqcGdeQXVyMzAzNTY3MDM@._V1_UY67_CR4,0,45,67_AL_.jpg
Peaky Blinders, (2013), 8.8 based on 561_541 user ratings, https://www.imdb.com/title/tt2442560/, https://m.media-amazon.com/images/M/MV5BZjYzZDgzMmYtYjY5Zi00YTk1LThhMDYtNjFlNzM4MTZhYzgyXkEyXkFqcGdeQXVyMTE5NDQ1MzQ3._V1_UY67_CR4,0,45,67_AL_.jpg
Ted Lasso, (2020), 8.8 based on 226_609 user ratings, https://www.imdb.com/title/tt10986410/, https://m.media-amazon.com/images/M/MV5BMDVmODUzNmEtMGMxZC00NWUzLTkxMTAtMDM5OTQzMWE0ZDM3XkEyXkFqcGdeQXVyMDM2NDM2MQ@@._V1_UY67_CR0,0,45,67_AL_.jpg
The Rig, (2023), 5.8 based on 9_290 user ratings, https://www.imdb.com/title/tt14273790/, https://m.media-amazon.com/images/M/MV5BOGY2ZmI0NTgtMWRiNy00NzI5LTk2NGYtN2Y4MDI2YmM0NzgyXkEyXkFqcGdeQXVyNjEwNTM2Mzc@._V1_UY67_CR0,0,45,67_AL_.jpg
Servant, (2019), 7.5 based on 38_090 user ratings, https://www.imdb.com/title/tt8068860/, https://m.media-amazon.com/images/M/MV5BNDNiOWE4Y2YtMDZiOS00OGFlLWIyN2QtYjA0MmFlOWY0NDRkXkEyXkFqcGdeQXVyMTkxNjUyNQ@@._V1_UY67_CR0,0,45,67_AL_.jpg
Alice in Borderland, (2020), 7.7 based on 75_541 user ratings, https://www.imdb.com/title/tt10795658/, https://m.media-amazon.com/images/M/MV5BZmUwMGI4M2QtYmRlYy00NDQ1LThjNDAtYTI4NDNiNDg5MDViXkEyXkFqcGdeQXVyMzgxODM4NjM@._V1_UX45_CR0,0,45,67_AL_.jpg
Will Trent, (2023), 7.6 based on 3_826 user ratings, https://www.imdb.com/title/tt17543592/, https://m.media-amazon.com/images/M/MV5BNTI3YzhhYmItZTViNC00NmE5LTgzOGQtNmZkOThkZmYwZDY0XkEyXkFqcGdeQXVyMTUzOTcyODA5._V1_UX45_CR0,0,45,67_AL_.jpg
Friends, (1994), 8.9 based on 1_007_276 user ratings, https://www.imdb.com/title/tt0108778/, https://m.media-amazon.com/images/M/MV5BNDVkYjU0MzctMWRmZi00NTkxLTgwZWEtOWVhYjZlYjllYmU4XkEyXkFqcGdeQXVyNTA4NzY1MzY@._V1_UY67_CR0,0,45,67_AL_.jpg
The Big Bang Theory, (2007), 8.2 based on 816_630 user ratings, https://www.imdb.com/title/tt0898266/, https://m.media-amazon.com/images/M/MV5BY2FmZTY5YTktOWRlYy00NmIyLWE0ZmQtZDg2YjlmMzczZDZiXkEyXkFqcGdeQXVyNjg4NzAyOTA@._V1_UX45_CR0,0,45,67_AL_.jpg
How I Met Your Father, (2022), 5.5 based on 18_876 user ratings, https://www.imdb.com/title/tt14500082/, https://m.media-amazon.com/images/M/MV5BYTg2Yzk2NGItM2NhZS00YjBhLThiYWUtYmY1ZTUzMTY2YTVjXkEyXkFqcGdeQXVyNjY1MTg4Mzc@._V1_UY67_CR0,0,45,67_AL_.jpg
Lockwood & Co, (2023), 7.6 based on 7_230 user ratings, https://www.imdb.com/title/tt13802576/, https://m.media-amazon.com/images/M/MV5BY2RiOGNmMmYtNmFlOC00MDg2LTk2YTItZWRmMmZjZjc1OGMxXkEyXkFqcGdeQXVyMTYxMDYwMzI2._V1_UY67_CR4,0,45,67_AL_.jpg
The Bear, (2022), 8.4 based on 79_140 user ratings, https://www.imdb.com/title/tt14452776/, https://m.media-amazon.com/images/M/MV5BMmZmMjgyOTUtZjljMS00NjhlLTkzMmItM2EyMzY5NzU0NzFiXkEyXkFqcGdeQXVyNjIzMTEyNDk@._V1_UY67_CR4,0,45,67_AL_.jpg
His Dark Materials, (2019), 7.8 based on 76_085 user ratings, https://www.imdb.com/title/tt5607976/, https://m.media-amazon.com/images/M/MV5BM2FlYzgyZDYtYzI0ZS00YThiLTg4N2EtNmViMDdmMTcyNWU0XkEyXkFqcGdeQXVyMTkxNjUyNQ@@._V1_UY67_CR4,0,45,67_AL_.jpg
Slow Horses, (2022), 7.9 based on 36_241 user ratings, https://www.imdb.com/title/tt5875444/, https://m.media-amazon.com/images/M/MV5BNDgwODEwOTYtODYwMS00MzE5LTg3ODktOTU2YjExYWEzMmQ2XkEyXkFqcGdeQXVyNjYxNjc0OTc@._V1_UY67_CR0,0,45,67_AL_.jpg
It's Always Sunny in Philadelphia, (2005), 8.8 based on 229_432 user ratings, https://www.imdb.com/title/tt0472954/, https://m.media-amazon.com/images/M/MV5BMzg3ODVjZTYtZTAyNC00MzVjLTk3NmUtMGI4ZjZmNGQ1NmY4XkEyXkFqcGdeQXVyMzQ2MDI5NjU@._V1_UY67_CR0,0,45,67_AL_.jpg
True Detective, (2014), 8.9 based on 579_108 user ratings, https://www.imdb.com/title/tt2356777/, https://m.media-amazon.com/images/M/MV5BMmRlYmE0Y2UtNDk2Yi00NzczLWEwZTEtZmE2OTcyYzcxYmU5XkEyXkFqcGdeQXVyNTMxMjgxMzA@._V1_UY67_CR1,0,45,67_AL_.jpg
Teen Wolf, (2011), 7.7 based on 151_938 user ratings, https://www.imdb.com/title/tt1567432/, https://m.media-amazon.com/images/M/MV5BMThlNTk3YzMtOTZjMi00M2NiLTg1NTgtYThiYzE2MDFmMDUwXkEyXkFqcGdeQXVyNzA5NjUyNjM@._V1_UX45_CR0,0,45,67_AL_.jpg
Modern Family, (2009), 8.5 based on 437_743 user ratings, https://www.imdb.com/title/tt1442437/, https://m.media-amazon.com/images/M/MV5BNzRhNWIxYTEtYjc2NS00YWFlLWFhOGEtMDZiMWM1M2RkNDkyXkEyXkFqcGdeQXVyNjc0MjkzNjc@._V1_UX45_CR0,0,45,67_AL_.jpg
The Recruit, (2022), 7.5 based on 28_582 user ratings, https://www.imdb.com/title/tt16030542/, https://m.media-amazon.com/images/M/MV5BOGFlN2Y1OTQtMjBhMy00ODE0LTk0OTctMWFkMjkyZjJkYWE4XkEyXkFqcGdeQXVyMTMzNzIyNDc1._V1_UY67_CR0,0,45,67_AL_.jpg
Abbott Elementary, (2021), 8.2 based on 20_479 user ratings, https://www.imdb.com/title/tt14218830/, https://m.media-amazon.com/images/M/MV5BMTY1MWUwYjItY2JmYi00ZDgyLTgzMjUtNzNkMzg0NjNjYTdkXkEyXkFqcGdeQXVyMTUzMTg2ODkz._V1_UY67_CR1,0,45,67_AL_.jpg
You, (2018), 7.7 based on 249_989 user ratings, https://www.imdb.com/title/tt7335184/, https://m.media-amazon.com/images/M/MV5BZmUxYTllMzEtNmNmMi00OWNkLTg0ZmItZDdkYTJkOTAxZmJlXkEyXkFqcGdeQXVyMTUzMTg2ODkz._V1_UY67_CR4,0,45,67_AL_.jpg
The Blacklist, (2013), 8.0 based on 253_230 user ratings, https://www.imdb.com/title/tt2741602/, https://m.media-amazon.com/images/M/MV5BNDFkZDI5ZGUtYTdkOC00YTFiLWJjNjMtNTQ3ZjIxMTY2ZjMyXkEyXkFqcGdeQXVyODUxOTU0OTg@._V1_UY67_CR0,0,45,67_AL_.jpg
Star Wars: The Bad Batch, (2021), 7.8 based on 37_937 user ratings, https://www.imdb.com/title/tt12708542/, https://m.media-amazon.com/images/M/MV5BNGIwM2E2NzEtMjQzZC00M2FmLThhMDktZTRlMGYzZWZlZGYzXkEyXkFqcGdeQXVyMTQzNTA5MzYz._V1_UY67_CR0,0,45,67_AL_.jpg
Doctor Who, (2005), 8.6 based on 228_332 user ratings, https://www.imdb.com/title/tt0436992/, https://m.media-amazon.com/images/M/MV5BZWJhYjFmZDEtNTVlYy00NGExLWJhZWItNTAxODY5YTc3MDFmXkEyXkFqcGdeQXVyMTkxNjUyNQ@@._V1_UY67_CR1,0,45,67_AL_.jpg
American Horror Story, (2011), 8.0 based on 323_142 user ratings, https://www.imdb.com/title/tt1844624/, https://m.media-amazon.com/images/M/MV5BOWFlOWE1OGEtOTVlMi00M2JmLWJlMGEtOWVjOGFhOTNlYTZiXkEyXkFqcGdeQXVyMTEyMjM2NDc2._V1_UY67_CR0,0,45,67_AL_.jpg
Attack on Titan, (2013), 9.0 based on 380_777 user ratings, https://www.imdb.com/title/tt2560140/, https://m.media-amazon.com/images/M/MV5BMGY3Mzg3M2UtNzYxNi00ZDYzLTlhMTQtMjkzZTA2MWQ4NjA0XkEyXkFqcGdeQXVyNjAwNDUxODI@._V1_UY67_CR1,0,45,67_AL_.jpg
Suits, (2011), 8.5 based on 416_401 user ratings, https://www.imdb.com/title/tt1632701/, https://m.media-amazon.com/images/M/MV5BNmVmMmM5ZmItZDg0OC00NTFiLWIxNzctZjNmYTY5OTU3ZWU3XkEyXkFqcGdeQXVyMTQxNzMzNDI@._V1_UY67_CR0,0,45,67_AL_.jpg
Young Sheldon, (2017), 7.6 based on 65_801 user ratings, https://www.imdb.com/title/tt6226232/, https://m.media-amazon.com/images/M/MV5BZDg3MGNhYjItZGU2Yi00MzU4LWE4NGUtYjA2OTVjNGUyMjE4XkEyXkFqcGdeQXVyNjg4NzAyOTA@._V1_UX45_CR0,0,45,67_AL_.jpg
The Sex Lives of College Girls, (2021), 7.8 based on 22_922 user ratings, https://www.imdb.com/title/tt11212276/, https://m.media-amazon.com/images/M/MV5BYjNmOWIyYTUtODcyOC00YzA5LWJhYzQtOGNhNmE4NjVlYjg0XkEyXkFqcGdeQXVyMTEyMjM2NDc2._V1_UY67_CR0,0,45,67_AL_.jpg
Chernobyl, (2019), 9.4 based on 768_262 user ratings, https://www.imdb.com/title/tt7366338/, https://m.media-amazon.com/images/M/MV5BZGQ2YmMxZmEtYjI5OS00NzlkLTlkNTEtYWMyMzkyMzc2MDU5XkEyXkFqcGdeQXVyMzQ2MDI5NjU@._V1_UX45_CR0,0,45,67_AL_.jpg
Only Murders in the Building, (2021), 8.1 based on 107_434 user ratings, https://www.imdb.com/title/tt12851524/, https://m.media-amazon.com/images/M/MV5BZTFmZWUwZmEtYzc4Ni00N2FmLTk1MmMtZmMyODYwZTNkY2EwXkEyXkFqcGdeQXVyMTM1MTE1NDMx._V1_UY67_CR4,0,45,67_AL_.jpg
Euphoria, (2019), 8.4 based on 192_876 user ratings, https://www.imdb.com/title/tt8772296/, https://m.media-amazon.com/images/M/MV5BMDMzZDkyNzEtYTY5Ni00NzlhLWI4MzUtY2UzNjNmMjI1YzIzXkEyXkFqcGdeQXVyMDM2NDM2MQ@@._V1_UY67_CR0,0,45,67_AL_.jpg
Death in Paradise, (2011), 7.8 based on 22_513 user ratings, https://www.imdb.com/title/tt1888075/, https://m.media-amazon.com/images/M/MV5BMTc5OTc3MjAwN15BMl5BanBnXkFtZTgwODAxMDQyMTE@._V1_UY67_CR0,0,45,67_AL_.jpg
The Last Kingdom, (2015), 8.5 based on 143_960 user ratings, https://www.imdb.com/title/tt4179452/, https://m.media-amazon.com/images/M/MV5BMjE1MzYzNjk3OF5BMl5BanBnXkFtZTgwMzk0MzYwNzE@._V1_UX45_CR0,0,45,67_AL_.jpg
Bones, (2005), 7.8 based on 162_738 user ratings, https://www.imdb.com/title/tt0460627/, https://m.media-amazon.com/images/M/MV5BMjA3ODMxMzM5NF5BMl5BanBnXkFtZTgwMDM1NjU0OTE@._V1_UX45_CR0,0,45,67_AL_.jpg
Big Sky, (2020), 6.8 based on 22_316 user ratings, https://www.imdb.com/title/tt11794642/, https://m.media-amazon.com/images/M/MV5BYTM2Y2NjZmMtZWZiZi00ZDAxLTgxODctMmFiOTI2ZjY3YWE5XkEyXkFqcGdeQXVyMjYwNDA2MDE@._V1_UX45_CR0,0,45,67_AL_.jpg
The Lord of the Rings: The Rings of Power, (2022), 6.9 based on 318_115 user ratings, https://www.imdb.com/title/tt7631058/, https://m.media-amazon.com/images/M/MV5BNTg3NjcxYzgtYjljNC00Y2I2LWE3YmMtOTliZTkwYTE1MmZiXkEyXkFqcGdeQXVyNTY4NDc5MDE@._V1_UY67_CR4,0,45,67_AL_.jpg
Truth Be Told, (2019), 7.1 based on 14_055 user ratings, https://www.imdb.com/title/tt7821582/, https://m.media-amazon.com/images/M/MV5BOTM2ZTYxZjUtYmY3Yi00NjhhLTgwNWMtYmYyODVkZTU0ZGJhXkEyXkFqcGdeQXVyMDM2NDM2MQ@@._V1_UY67_CR0,0,45,67_AL_.jpg
Midsomer Murders, (1997), 7.9 based on 34_621 user ratings, https://www.imdb.com/title/tt0118401/, https://m.media-amazon.com/images/M/MV5BMjA5MmM5NjEtYjY2Yy00MzVmLThkMTYtYzcxMGE5MGFjMDQ2XkEyXkFqcGdeQXVyNDQ3NDM5OQ@@._V1_UY67_CR5,0,45,67_AL_.jpg
Shameless, (2011), 8.6 based on 247_250 user ratings, https://www.imdb.com/title/tt1586680/, https://m.media-amazon.com/images/M/MV5BZDgxNjQ2MjMtMjk2Yi00M2Q2LWI0ZDktOGM1NWI5YWUzMjk4XkEyXkFqcGdeQXVyOTA3MTMyOTk@._V1_UX45_CR0,0,45,67_AL_.jpg
The Wire, (2002), 9.3 based on 344_344 user ratings, https://www.imdb.com/title/tt0306414/, https://m.media-amazon.com/images/M/MV5BNTllYzFhMjAtZjExNS00MjM4LWE5YmMtOGFiZGRlOTU5YzJiXkEyXkFqcGdeQXVyNDIzMzcwNjc@._V1_UX45_CR0,0,45,67_AL_.jpg
Seinfeld, (1989), 8.9 based on 324_107 user ratings, https://www.imdb.com/title/tt0098904/, https://m.media-amazon.com/images/M/MV5BZjZjMzQ2ZmUtZWEyZC00NWJiLWFjM2UtMzhmYzZmZDcxMzllXkEyXkFqcGdeQXVyNTA4NzY1MzY@._V1_UY67_CR1,0,45,67_AL_.jpg
The Witcher, (2019), 8.1 based on 505_978 user ratings, https://www.imdb.com/title/tt5180504/, https://m.media-amazon.com/images/M/MV5BN2FiOWU4YzYtMzZiOS00MzcyLTlkOGEtOTgwZmEwMzAxMzA3XkEyXkFqcGdeQXVyMTkxNjUyNQ@@._V1_UY67_CR0,0,45,67_AL_.jpg
The Peripheral, (2022), 7.7 based on 61_651 user ratings, https://www.imdb.com/title/tt8291284/, https://m.media-amazon.com/images/M/MV5BNTlhMWQyYTAtZjFjMS00M2UzLThiNzMtNTVhN2FkZjAwZWY2XkEyXkFqcGdeQXVyMDM2NDM2MQ@@._V1_UX45_CR0,0,45,67_AL_.jpg
